{
    "01": [
        "ABPO",
        "AMC4",
        "BREW",
        "DAEJ",
        "FAA1",
        "GAMB",
        "GMSD",
        "GOLD",
        "HAL1",
        "HARB",
        "HKSL",
        "HKWS",
        "JFNG",
        "JPLM",
        "KERG",
        "KOKB",
        "KOKV",
        "KRGG",
        "MAYG",
        "MKEA",
        "NNOR",
        "PIMO",
        "PTGG",
        "QUIN",
        "SEYG",
        "SUTH",
        "THTG",
        "TIDV",
        "TWTF",
        "USUD"
    ],
    "02": [
        "ABPO",
        "ANKR",
        "ARUC",
        "BSHM",
        "FAIR",
        "IISC",
        "KERG",
        "KITG",
        "KOST",
        "KRGG",
        "MAYG",
        "MERS",
        "POL2",
        "VACS"
    ],
    "03": [
        "ABPO",
        "ARUC",
        "BOGI",
        "BOR1",
        "CHPG",
        "CIBG",
        "CUSV",
        "DGAR",
        "FAA1",
        "FALK",
        "GAMB",
        "GANP",
        "GOP6",
        "GOP7",
        "GOPE",
        "GRAC",
        "HKSL",
        "HKWS",
        "IISC",
        "KITG",
        "KOST",
        "MATZ",
        "MAYG",
        "MBAR",
        "MELI",
        "MERS",
        "MET3",
        "METG",
        "NKLG",
        "PTGG",
        "RIGA",
        "SEY2",
        "SEYG",
        "SFER",
        "THTG",
        "TLSE",
        "TLSG",
        "VACS",
        "WROC",
        "YEBE",
        "ZAMB",
        "ZIM2",
        "ZIM3",
        "ZIMM"
    ],
    "04": [
        "ABPO",
        "AMC4",
        "BOGT",
        "CHPG",
        "CHPI",
        "CORD",
        "CUSV",
        "DGAR",
        "FALK",
        "GCGO",
        "GODE",
        "GODN",
        "GODS",
        "HARB",
        "IISC",
        "KERG",
        "KOKB",
        "KOKV",
        "KRGG",
        "MAYG",
        "MGO3",
        "MGO4",
        "MGO5",
        "MGUE",
        "NLIB",
        "OWMG",
        "PALM",
        "PIE1",
        "RGDG",
        "SANT",
        "SEYG",
        "STJ3",
        "STPM",
        "UNB3",
        "USN7",
        "VACS",
        "YEL2"
    ],
    "05": [
        "ABPO",
        "AMC4",
        "ASCG",
        "BOGI",
        "BOGT",
        "BOR1",
        "BREW",
        "BRUX",
        "CEBR",
        "EBRE",
        "GANP",
        "GODE",
        "GODN",
        "GODS",
        "GOLD",
        "GOP6",
        "GOP7",
        "GOPE",
        "GRAC",
        "HAL1",
        "KERG",
        "KIR8",
        "KOKB",
        "KRGG",
        "LROC",
        "MADR",
        "MAR7",
        "MARS",
        "MAS1",
        "MATZ",
        "MAYG",
        "MELI",
        "MET3",
        "METG",
        "MGO3",
        "MGO4",
        "MGO5",
        "MKEA",
        "NLIB",
        "ONS1",
        "PIE1",
        "RAEG",
        "REDU",
        "RIGA",
        "ROAG",
        "SEY2",
        "SEYG",
        "SFER",
        "STHL",
        "TLSE",
        "TLSG",
        "TRO1",
        "USN7",
        "VACS",
        "VILL",
        "WROC",
        "WTZ3",
        "YEBE",
        "YEL2",
        "ZIM2",
        "ZIM3",
        "ZIMM"
    ],
    "06": [
        "ABPO",
        "ARUC",
        "BOGI",
        "BOGT",
        "BOR1",
        "BREW",
        "BRUX",
        "BSHM",
        "CORD",
        "CRO1",
        "DAEJ",
        "FAIR",
        "FALK",
        "GANP",
        "GCGO",
        "GMSD",
        "GODN",
        "GODS",
        "GOP6",
        "GOP7",
        "GOPE",
        "HRAO",
        "IISC",
        "JPLM",
        "KERG",
        "KIRU",
        "KITG",
        "KRGG",
        "LROC",
        "MAR7",
        "MATZ",
        "MAYG",
        "MCM4",
        "MERS",
        "MET3",
        "METG",
        "NYAL",
        "ONS1",
        "PALM",
        "POL2",
        "REDU",
        "RGDG",
        "RIGA",
        "SANT",
        "SOD3",
        "TLSE",
        "TRO1",
        "USUD",
        "VACS",
        "WROC",
        "WTZ3",
        "YEBE",
        "ZIM2",
        "ZIM3",
        "ZIMM"
    ],
    "07": [
        "ABPO",
        "AREG",
        "AREQ",
        "ARHT",
        "BOGT",
        "BRUX",
        "BSHM",
        "CEBR",
        "CHPG",
        "CORD",
        "DGAR",
        "DJIG",
        "EBRE",
        "FALK",
        "GAMG",
        "GOP6",
        "GOP7",
        "GOPE",
        "GRAC",
        "HRAO",
        "KERG",
        "KIR8",
        "KRGG",
        "LROC",
        "MADR",
        "MAL2",
        "MARS",
        "MAS1",
        "MATZ",
        "MAYG",
        "MBAR",
        "MCM4",
        "MELI",
        "MERS",
        "MGUE",
        "NNOR",
        "NYA1",
        "NYAL",
        "ONS1",
        "RAEG",
        "RGDG",
        "ROAG",
        "SANT",
        "SCRZ",
        "SEY2",
        "SEYG",
        "SFER",
        "STHL",
        "TIDV",
        "TLSE",
        "TLSG",
        "TRO1",
        "USUD",
        "VACS",
        "VILL",
        "YEBE",
        "ZAMB",
        "ZIM2",
        "ZIM3"
    ],
    "08": [
        "ABPO",
        "ASCG",
        "CHPG",
        "CHPI",
        "CIBG",
        "CPVG",
        "DAEJ",
        "DGAR",
        "DJIG",
        "GAMG",
        "GMSD",
        "HKWS",
        "JFNG",
        "KOUG",
        "KOUR",
        "MAYG",
        "PTGG",
        "SEYG",
        "STJ3",
        "STPM",
        "TWTF",
        "UNB3",
        "VACS"
    ],
    "09": [
        "ABPO",
        "CHPG",
        "DGAR",
        "FALK",
        "GUAM",
        "HARB",
        "KERG",
        "KRGG",
        "NLIB",
        "NYA1",
        "NYAL",
        "PALM",
        "PIMO",
        "RGDG",
        "STJ3",
        "STPM",
        "SUTH",
        "TWTF",
        "UNB3",
        "VACS"
    ],
    "10": [
        "ABPO",
        "DGAR",
        "DJIG",
        "FAA1",
        "HAL1",
        "MAL2",
        "MAYG",
        "MKEA",
        "NRMG",
        "SEYG",
        "THTG",
        "VACS"
    ],
    "11": [
        "ABPO",
        "DJIG",
        "FAA1",
        "GAMB",
        "GUAM",
        "HAL1",
        "HKSL",
        "KERG",
        "KRGG",
        "MAL2",
        "MAYG",
        "PTGG",
        "SEYG",
        "THTG",
        "USUD",
        "VACS"
    ],
    "12": [
        "ABPO",
        "CIBG",
        "CUSV",
        "DAEJ",
        "DGAR",
        "FAIR",
        "FTNA",
        "GCGO",
        "GMSD",
        "GUAM",
        "HKSL",
        "IISC",
        "KERG",
        "KRGG",
        "NNOR",
        "NRMG",
        "PTGG",
        "SEY2",
        "TIDV",
        "USUD",
        "VACS"
    ],
    "13": [
        "ABPO",
        "AREG",
        "CEBR",
        "CPVG",
        "CUSV",
        "KERG",
        "KOUG",
        "KOUR",
        "KRGG",
        "MAL2",
        "MAS1",
        "MELI",
        "RAEG",
        "ROAG",
        "SCRZ",
        "SFER",
        "VACS"
    ],
    "14": [
        "AMC4",
        "BOGT",
        "CPVG",
        "CRO1",
        "FAA1",
        "GODN",
        "GOLD",
        "JPLM",
        "KOUG",
        "MGO3",
        "MGO4",
        "MGO5",
        "NRMG",
        "STJ3",
        "STPM",
        "THTG",
        "TIDV",
        "UNB3",
        "USN7"
    ],
    "15": [
        "ABPO",
        "CIBG",
        "DAEJ",
        "DGAR",
        "DJIG",
        "GAMG",
        "GMSD",
        "GUAM",
        "HKSL",
        "HKWS",
        "JFNG",
        "MAL2",
        "MAYG",
        "PIMO",
        "PTGG",
        "SEYG",
        "TWTF",
        "VACS"
    ],
    "16": [
        "ABPO",
        "ARHT",
        "ARUC",
        "BSHM",
        "CHPG",
        "CORD",
        "CUSV",
        "FAIR",
        "GCGO",
        "GLPS",
        "GOLD",
        "HARB",
        "HRAO",
        "JPLM",
        "KITG",
        "KOST",
        "MAYG",
        "MCM4",
        "MERS",
        "NNOR",
        "NYA1",
        "NYAL",
        "PALM",
        "PIE1",
        "PIMO",
        "POL2",
        "QUIN",
        "SCRZ",
        "SEY2",
        "SEYG",
        "SUTH",
        "TIDV",
        "VACS",
        "ZAMB"
    ],
    "17": [
        "ABPO",
        "AMC4",
        "ARHT",
        "BOGT",
        "BREW",
        "CORD",
        "CRO1",
        "DGAR",
        "DJIG",
        "EBRE",
        "GLPS",
        "GODE",
        "GODN",
        "GODS",
        "GOLD",
        "GRAC",
        "HAL1",
        "JPLM",
        "KIR8",
        "KIRU",
        "KOKB",
        "KOKV",
        "KOUG",
        "KOUR",
        "MAL2",
        "MARS",
        "MAYG",
        "MBAR",
        "MCM4",
        "MELI",
        "MGO3",
        "MGO4",
        "MGO5",
        "MGUE",
        "MKEA",
        "NKLG",
        "NLIB",
        "NNOR",
        "NYA1",
        "NYAL",
        "PALM",
        "PIE1",
        "QUIN",
        "RGDG",
        "ROAG",
        "SANT",
        "SCRZ",
        "SEY2",
        "SEYG",
        "SFER",
        "SOD3",
        "STJ3",
        "STPM",
        "TLSG",
        "TRO1",
        "UNB3",
        "USN7",
        "VACS",
        "VILL",
        "YEBE",
        "YEL2"
    ],
    "18": [
        "ABPO",
        "AMC4",
        "BREW",
        "CHPG",
        "CHPI",
        "GOLD",
        "JPLM",
        "MAL2",
        "MAYG",
        "MBAR",
        "MGO4",
        "MGO5",
        "STHL",
        "SUTH",
        "USN7"
    ],
    "19": [
        "AMC4",
        "ASCG",
        "BOGI",
        "BOGT",
        "BOR1",
        "BREW",
        "BRUX",
        "CRO1",
        "EBRE",
        "FAIR",
        "FALK",
        "GANP",
        "GCGO",
        "GLPS",
        "GODE",
        "GOLD",
        "GOP6",
        "GOP7",
        "GOPE",
        "GRAC",
        "GUAM",
        "IISC",
        "JPLM",
        "KERG",
        "KIR8",
        "KIRU",
        "KITG",
        "KOKB",
        "KOKV",
        "KOST",
        "KRGG",
        "LROC",
        "MAR7",
        "MARS",
        "MELI",
        "METG",
        "MGO3",
        "MGO4",
        "MGO5",
        "MKEA",
        "NKLG",
        "NLIB",
        "NYA1",
        "ONS1",
        "PALM",
        "POL2",
        "QUIN",
        "REDU",
        "RGDG",
        "RIGA",
        "STHL",
        "STPM",
        "TLSE",
        "TLSG",
        "UNB3",
        "USN7",
        "VILL",
        "WROC",
        "WTZ3",
        "YEBE",
        "YEL2",
        "ZIM2",
        "ZIM3",
        "ZIMM"
    ],
    "20": [
        "ABPO",
        "AMC4",
        "AREG",
        "AREQ",
        "BOGT",
        "BREW",
        "CIBG",
        "CORD",
        "CRO1",
        "CUSV",
        "EBRE",
        "FAIR",
        "GCGO",
        "GRAC",
        "HAL1",
        "HKSL",
        "HRAO",
        "JFNG",
        "KIR8",
        "KIRU",
        "KITG",
        "KOKB",
        "KOKV",
        "KOST",
        "MARS",
        "MAYG",
        "MBAR",
        "MELI",
        "METG",
        "MGUE",
        "MKEA",
        "NLIB",
        "PALM",
        "PIE1",
        "POL2",
        "QUIN",
        "RAEG",
        "RGDG",
        "ROAG",
        "SANT",
        "SCRZ",
        "STJ3",
        "STPM",
        "TLSE",
        "TLSG",
        "VACS",
        "YEBE",
        "YEL2",
        "ZAMB"
    ],
    "21": [
        "ABPO",
        "BOGT",
        "BRUX",
        "BSHM",
        "CEBR",
        "DGAR",
        "DJIG",
        "EBRE",
        "GAMG",
        "GOP7",
        "GRAC",
        "GUAM",
        "KERG",
        "KIR8",
        "KIRU",
        "KRGG",
        "LROC",
        "MADR",
        "MAL2",
        "MARS",
        "MATZ",
        "MAYG",
        "MBAR",
        "MELI",
        "MERS",
        "NNOR",
        "NYA1",
        "NYAL",
        "ONS1",
        "RAEG",
        "ROAG",
        "SEY2",
        "SEYG",
        "SFER",
        "TLSE",
        "TLSG",
        "TRO1",
        "VACS",
        "VILL",
        "YEBE",
        "ZIM2",
        "ZIM3"
    ],
    "22": [
        "ABPO",
        "AMC4",
        "AREG",
        "AREQ",
        "ARHT",
        "BOGT",
        "CRO1",
        "DAEJ",
        "DGAR",
        "FAIR",
        "FALK",
        "FTNA",
        "GAMB",
        "GAMG",
        "GCGO",
        "GMSD",
        "GODE",
        "GODN",
        "GODS",
        "GUAM",
        "HARB",
        "HRAO",
        "KOUG",
        "KOUR",
        "MAYG",
        "MCM4",
        "MGO3",
        "MGO4",
        "MGO5",
        "MGUE",
        "NRMG",
        "OWMG",
        "PALM",
        "PIE1",
        "SANT",
        "SCRZ",
        "SEYG",
        "SUTH",
        "TIDV",
        "USN7",
        "USUD",
        "VACS",
        "YEL2"
    ],
    "23": [
        "ABPO",
        "CIBG",
        "GUAM",
        "HARB",
        "MAL2",
        "MAYG",
        "SEYG",
        "VACS"
    ],
    "24": [
        "ABPO",
        "BOR1",
        "BRUX",
        "CEBR",
        "DJIG",
        "EBRE",
        "GANP",
        "GOP6",
        "GOP7",
        "GOPE",
        "GRAC",
        "LROC",
        "MADR",
        "MARS",
        "MAS1",
        "MATZ",
        "MAYG",
        "MELI",
        "REDU",
        "ROAG",
        "SEYG",
        "SFER",
        "TLSE",
        "TLSG",
        "VACS",
        "VILL",
        "WROC",
        "WTZ3",
        "YEBE",
        "ZIM2",
        "ZIM3",
        "ZIMM"
    ],
    "25": [
        "ABPO",
        "ANKR",
        "ARUC",
        "BOGI",
        "BOR1",
        "BRUX",
        "BSHM",
        "CORD",
        "CUSV",
        "FALK",
        "FTNA",
        "GAMB",
        "GANP",
        "GODE",
        "GODN",
        "GODS",
        "GOLD",
        "GOP6",
        "GOP7",
        "GOPE",
        "HARB",
        "HRAO",
        "IISC",
        "JPLM",
        "KIR8",
        "KIRU",
        "KOKV",
        "KOST",
        "KOUR",
        "MAL2",
        "MAR7",
        "MATZ",
        "MERS",
        "MET3",
        "METG",
        "MGO3",
        "MGO4",
        "MGO5",
        "NYA1",
        "NYAL",
        "ONS1",
        "OWMG",
        "PALM",
        "RAEG",
        "REDU",
        "RGDG",
        "RIGA",
        "SOD3",
        "STJ3",
        "STPM",
        "SUTH",
        "TRO1",
        "UNB3",
        "USN7",
        "VACS",
        "WROC",
        "WTZ3",
        "YEBE",
        "ZIMM"
    ],
    "26": [
        "ABPO",
        "AMC4",
        "ARUC",
        "ASCG",
        "BOGI",
        "BOR1",
        "BREW",
        "BSHM",
        "CPVG",
        "CRO1",
        "CUSV",
        "DGAR",
        "DJIG",
        "FAIR",
        "FALK",
        "GANP",
        "GCGO",
        "GODE",
        "GODN",
        "GODS",
        "GOP7",
        "GOPE",
        "IISC",
        "KIR8",
        "KIRU",
        "KITG",
        "KOST",
        "KOUG",
        "KOUR",
        "MAR7",
        "MAYG",
        "MCM4",
        "MERS",
        "MET3",
        "METG",
        "NNOR",
        "NYA1",
        "NYAL",
        "ONS1",
        "PALM",
        "POL2",
        "QUIN",
        "RGDG",
        "RIGA",
        "SEYG",
        "SOD3",
        "TIDV",
        "TRO1",
        "USN7",
        "VACS",
        "WROC",
        "YEL2"
    ],
    "27": [
        "ABPO",
        "ARUC",
        "BOGI",
        "BOGT",
        "BOR1",
        "BRUX",
        "BSHM",
        "CORD",
        "DGAR",
        "DJIG",
        "FALK",
        "GANP",
        "GODE",
        "GODN",
        "GODS",
        "GOP6",
        "GOP7",
        "GOPE",
        "GRAC",
        "KERG",
        "KIR8",
        "KIRU",
        "KOST",
        "KRGG",
        "MAL2",
        "MAR7",
        "MATZ",
        "MAYG",
        "MERS",
        "METG",
        "MGUE",
        "NNOR",
        "ONS1",
        "REDU",
        "RGDG",
        "RIGA",
        "SANT",
        "SEYG",
        "STJ3",
        "STPM",
        "UNB3",
        "USN7",
        "VACS",
        "VILL",
        "WROC",
        "WTZ3",
        "YEL2",
        "ZIM2",
        "ZIM3",
        "ZIMM"
    ],
    "28": [
        "ABPO",
        "ARUC",
        "CHPG",
        "CHPI",
        "HARB",
        "KOST",
        "MAL2",
        "MAYG",
        "SEYG",
        "VACS"
    ],
    "29": [
        "ABPO",
        "AMC4",
        "DGAR",
        "DJIG",
        "HAL1",
        "HARB",
        "HKSL",
        "HKWS",
        "JFNG",
        "KOKB",
        "MAL2",
        "MAYG",
        "MBAR",
        "MGO3",
        "MGO4",
        "MGO5",
        "MKEA",
        "PTGG",
        "SEYG",
        "SUTH",
        "ZAMB"
    ],
    "30": [
        "ABPO",
        "HARB",
        "MAL2",
        "MAYG",
        "ZAMB"
    ],
    "31": [
        "ABPO",
        "ARHT",
        "CEBR",
        "CHPG",
        "CORD",
        "EBRE",
        "FTNA",
        "GLPS",
        "GODE",
        "GODN",
        "GOLD",
        "GRAC",
        "HRAO",
        "JPLM",
        "KERG",
        "KRGG",
        "LROC",
        "MADR",
        "MARS",
        "MAS1",
        "MATZ",
        "MAYG",
        "MCM4",
        "MELI",
        "MGO4",
        "MGO5",
        "MGUE",
        "NLIB",
        "NYA1",
        "NYAL",
        "OWMG",
        "PIE1",
        "ROAG",
        "SANT",
        "SFER",
        "STHL",
        "STJ3",
        "STPM",
        "TLSE",
        "TLSG",
        "UNB3",
        "VACS",
        "VILL",
        "YEBE",
        "YEL2",
        "ZIM2",
        "ZIM3"
    ],
    "32": [
        "ABPO",
        "ASCG",
        "CIBG",
        "DGAR",
        "DJIG",
        "HKSL",
        "HRAO",
        "KERG",
        "KRGG",
        "MAYG",
        "PTGG",
        "SEY2",
        "SEYG",
        "STHL",
        "SUTH",
        "TIDV",
        "TWTF",
        "VACS"
    ]
}